measure_name,datum,state_id,state_name,first_year,last_year,footnotes,sources
"No. of abortions averted by publicly funded centers",7080,AL,Alabama,2016,n/a,,"Publicly Supported Family Planning Services in the United States: Likely Need, Availability and Impact <https://www.guttmacher.org/report/publicly-supported-FP-services-us-2016>"
"No. of abortions averted by publicly funded centers",1570,AK,Alaska,2016,n/a,,"Publicly Supported Family Planning Services in the United States: Likely Need, Availability and Impact <https://www.guttmacher.org/report/publicly-supported-FP-services-us-2016>"
"No. of abortions averted by publicly funded centers",6390,AZ,Arizona,2016,n/a,,"Publicly Supported Family Planning Services in the United States: Likely Need, Availability and Impact <https://www.guttmacher.org/report/publicly-supported-FP-services-us-2016>"
"No. of abortions averted by publicly funded centers",3700,AR,Arkansas,2016,n/a,,"Publicly Supported Family Planning Services in the United States: Likely Need, Availability and Impact <https://www.guttmacher.org/report/publicly-supported-FP-services-us-2016>"
"No. of abortions averted by publicly funded centers",117390,CA,California,2016,n/a,,"Publicly Supported Family Planning Services in the United States: Likely Need, Availability and Impact <https://www.guttmacher.org/report/publicly-supported-FP-services-us-2016>"
"No. of abortions averted by publicly funded centers",8380,CO,Colorado,2016,n/a,,"Publicly Supported Family Planning Services in the United States: Likely Need, Availability and Impact <https://www.guttmacher.org/report/publicly-supported-FP-services-us-2016>"
"No. of abortions averted by publicly funded centers",4940,CT,Connecticut,2016,n/a,,"Publicly Supported Family Planning Services in the United States: Likely Need, Availability and Impact <https://www.guttmacher.org/report/publicly-supported-FP-services-us-2016>"
"No. of abortions averted by publicly funded centers",1170,DE,Delaware,2016,n/a,,"Publicly Supported Family Planning Services in the United States: Likely Need, Availability and Impact <https://www.guttmacher.org/report/publicly-supported-FP-services-us-2016>"
"No. of abortions averted by publicly funded centers",3160,DC,"District of Columbia",2016,n/a,,"Publicly Supported Family Planning Services in the United States: Likely Need, Availability and Impact <https://www.guttmacher.org/report/publicly-supported-FP-services-us-2016>"
"No. of abortions averted by publicly funded centers",15560,FL,Florida,2016,n/a,,"Publicly Supported Family Planning Services in the United States: Likely Need, Availability and Impact <https://www.guttmacher.org/report/publicly-supported-FP-services-us-2016>"
"No. of abortions averted by publicly funded centers",14140,GA,Georgia,2016,n/a,,"Publicly Supported Family Planning Services in the United States: Likely Need, Availability and Impact <https://www.guttmacher.org/report/publicly-supported-FP-services-us-2016>"
"No. of abortions averted by publicly funded centers",1000,HI,Hawaii,2016,n/a,,"Publicly Supported Family Planning Services in the United States: Likely Need, Availability and Impact <https://www.guttmacher.org/report/publicly-supported-FP-services-us-2016>"
"No. of abortions averted by publicly funded centers",1510,ID,Idaho,2016,n/a,,"Publicly Supported Family Planning Services in the United States: Likely Need, Availability and Impact <https://www.guttmacher.org/report/publicly-supported-FP-services-us-2016>"
"No. of abortions averted by publicly funded centers",13800,IL,Illinois,2016,n/a,,"Publicly Supported Family Planning Services in the United States: Likely Need, Availability and Impact <https://www.guttmacher.org/report/publicly-supported-FP-services-us-2016>"
"No. of abortions averted by publicly funded centers",5520,IN,Indiana,2016,n/a,,"Publicly Supported Family Planning Services in the United States: Likely Need, Availability and Impact <https://www.guttmacher.org/report/publicly-supported-FP-services-us-2016>"
"No. of abortions averted by publicly funded centers",3780,IA,Iowa,2016,n/a,,"Publicly Supported Family Planning Services in the United States: Likely Need, Availability and Impact <https://www.guttmacher.org/report/publicly-supported-FP-services-us-2016>"
"No. of abortions averted by publicly funded centers",2490,KS,Kansas,2016,n/a,,"Publicly Supported Family Planning Services in the United States: Likely Need, Availability and Impact <https://www.guttmacher.org/report/publicly-supported-FP-services-us-2016>"
"No. of abortions averted by publicly funded centers",5050,KY,Kentucky,2016,n/a,,"Publicly Supported Family Planning Services in the United States: Likely Need, Availability and Impact <https://www.guttmacher.org/report/publicly-supported-FP-services-us-2016>"
"No. of abortions averted by publicly funded centers",5150,LA,Louisiana,2016,n/a,,"Publicly Supported Family Planning Services in the United States: Likely Need, Availability and Impact <https://www.guttmacher.org/report/publicly-supported-FP-services-us-2016>"
"No. of abortions averted by publicly funded centers",1850,ME,Maine,2016,n/a,,"Publicly Supported Family Planning Services in the United States: Likely Need, Availability and Impact <https://www.guttmacher.org/report/publicly-supported-FP-services-us-2016>"
"No. of abortions averted by publicly funded centers",7110,MD,Maryland,2016,n/a,,"Publicly Supported Family Planning Services in the United States: Likely Need, Availability and Impact <https://www.guttmacher.org/report/publicly-supported-FP-services-us-2016>"
"No. of abortions averted by publicly funded centers",6590,MA,Massachusetts,2016,n/a,,"Publicly Supported Family Planning Services in the United States: Likely Need, Availability and Impact <https://www.guttmacher.org/report/publicly-supported-FP-services-us-2016>"
"No. of abortions averted by publicly funded centers",7670,MI,Michigan,2016,n/a,,"Publicly Supported Family Planning Services in the United States: Likely Need, Availability and Impact <https://www.guttmacher.org/report/publicly-supported-FP-services-us-2016>"
"No. of abortions averted by publicly funded centers",5550,MN,Minnesota,2016,n/a,,"Publicly Supported Family Planning Services in the United States: Likely Need, Availability and Impact <https://www.guttmacher.org/report/publicly-supported-FP-services-us-2016>"
"No. of abortions averted by publicly funded centers",3840,MS,Mississippi,2016,n/a,,"Publicly Supported Family Planning Services in the United States: Likely Need, Availability and Impact <https://www.guttmacher.org/report/publicly-supported-FP-services-us-2016>"
"No. of abortions averted by publicly funded centers",6160,MO,Missouri,2016,n/a,,"Publicly Supported Family Planning Services in the United States: Likely Need, Availability and Impact <https://www.guttmacher.org/report/publicly-supported-FP-services-us-2016>"
"No. of abortions averted by publicly funded centers",1740,MT,Montana,2016,n/a,,"Publicly Supported Family Planning Services in the United States: Likely Need, Availability and Impact <https://www.guttmacher.org/report/publicly-supported-FP-services-us-2016>"
"No. of abortions averted by publicly funded centers",2170,NE,Nebraska,2016,n/a,,"Publicly Supported Family Planning Services in the United States: Likely Need, Availability and Impact <https://www.guttmacher.org/report/publicly-supported-FP-services-us-2016>"
"No. of abortions averted by publicly funded centers",1920,NV,Nevada,2016,n/a,,"Publicly Supported Family Planning Services in the United States: Likely Need, Availability and Impact <https://www.guttmacher.org/report/publicly-supported-FP-services-us-2016>"
"No. of abortions averted by publicly funded centers",1380,NH,"New Hampshire",2016,n/a,,"Publicly Supported Family Planning Services in the United States: Likely Need, Availability and Impact <https://www.guttmacher.org/report/publicly-supported-FP-services-us-2016>"
"No. of abortions averted by publicly funded centers",8560,NJ,"New Jersey",2016,n/a,,"Publicly Supported Family Planning Services in the United States: Likely Need, Availability and Impact <https://www.guttmacher.org/report/publicly-supported-FP-services-us-2016>"
"No. of abortions averted by publicly funded centers",3820,NM,"New Mexico",2016,n/a,,"Publicly Supported Family Planning Services in the United States: Likely Need, Availability and Impact <https://www.guttmacher.org/report/publicly-supported-FP-services-us-2016>"
"No. of abortions averted by publicly funded centers",31490,NY,"New York",2016,n/a,,"Publicly Supported Family Planning Services in the United States: Likely Need, Availability and Impact <https://www.guttmacher.org/report/publicly-supported-FP-services-us-2016>"
"No. of abortions averted by publicly funded centers",8460,NC,"North Carolina",2016,n/a,,"Publicly Supported Family Planning Services in the United States: Likely Need, Availability and Impact <https://www.guttmacher.org/report/publicly-supported-FP-services-us-2016>"
"No. of abortions averted by publicly funded centers",780,ND,"North Dakota",2016,n/a,,"Publicly Supported Family Planning Services in the United States: Likely Need, Availability and Impact <https://www.guttmacher.org/report/publicly-supported-FP-services-us-2016>"
"No. of abortions averted by publicly funded centers",11110,OH,Ohio,2016,n/a,,"Publicly Supported Family Planning Services in the United States: Likely Need, Availability and Impact <https://www.guttmacher.org/report/publicly-supported-FP-services-us-2016>"
"No. of abortions averted by publicly funded centers",6150,OK,Oklahoma,2016,n/a,,"Publicly Supported Family Planning Services in the United States: Likely Need, Availability and Impact <https://www.guttmacher.org/report/publicly-supported-FP-services-us-2016>"
"No. of abortions averted by publicly funded centers",7770,OR,Oregon,2016,n/a,,"Publicly Supported Family Planning Services in the United States: Likely Need, Availability and Impact <https://www.guttmacher.org/report/publicly-supported-FP-services-us-2016>"
"No. of abortions averted by publicly funded centers",16950,PA,Pennsylvania,2016,n/a,,"Publicly Supported Family Planning Services in the United States: Likely Need, Availability and Impact <https://www.guttmacher.org/report/publicly-supported-FP-services-us-2016>"
"No. of abortions averted by publicly funded centers",1960,RI,"Rhode Island",2016,n/a,,"Publicly Supported Family Planning Services in the United States: Likely Need, Availability and Impact <https://www.guttmacher.org/report/publicly-supported-FP-services-us-2016>"
"No. of abortions averted by publicly funded centers",6510,SC,"South Carolina",2016,n/a,,"Publicly Supported Family Planning Services in the United States: Likely Need, Availability and Impact <https://www.guttmacher.org/report/publicly-supported-FP-services-us-2016>"
"No. of abortions averted by publicly funded centers",810,SD,"South Dakota",2016,n/a,,"Publicly Supported Family Planning Services in the United States: Likely Need, Availability and Impact <https://www.guttmacher.org/report/publicly-supported-FP-services-us-2016>"
"No. of abortions averted by publicly funded centers",7560,TN,Tennessee,2016,n/a,,"Publicly Supported Family Planning Services in the United States: Likely Need, Availability and Impact <https://www.guttmacher.org/report/publicly-supported-FP-services-us-2016>"
"No. of abortions averted by publicly funded centers",30100,TX,Texas,2016,n/a,,"Publicly Supported Family Planning Services in the United States: Likely Need, Availability and Impact <https://www.guttmacher.org/report/publicly-supported-FP-services-us-2016>"
"No. of abortions averted by publicly funded centers",2790,UT,Utah,2016,n/a,,"Publicly Supported Family Planning Services in the United States: Likely Need, Availability and Impact <https://www.guttmacher.org/report/publicly-supported-FP-services-us-2016>"
"No. of abortions averted by publicly funded centers",1430,VT,Vermont,2016,n/a,,"Publicly Supported Family Planning Services in the United States: Likely Need, Availability and Impact <https://www.guttmacher.org/report/publicly-supported-FP-services-us-2016>"
"No. of abortions averted by publicly funded centers",5550,VA,Virginia,2016,n/a,,"Publicly Supported Family Planning Services in the United States: Likely Need, Availability and Impact <https://www.guttmacher.org/report/publicly-supported-FP-services-us-2016>"
"No. of abortions averted by publicly funded centers",9820,WA,Washington,2016,n/a,,"Publicly Supported Family Planning Services in the United States: Likely Need, Availability and Impact <https://www.guttmacher.org/report/publicly-supported-FP-services-us-2016>"
"No. of abortions averted by publicly funded centers",5630,WV,"West Virginia",2016,n/a,,"Publicly Supported Family Planning Services in the United States: Likely Need, Availability and Impact <https://www.guttmacher.org/report/publicly-supported-FP-services-us-2016>"
"No. of abortions averted by publicly funded centers",6030,WI,Wisconsin,2016,n/a,,"Publicly Supported Family Planning Services in the United States: Likely Need, Availability and Impact <https://www.guttmacher.org/report/publicly-supported-FP-services-us-2016>"
"No. of abortions averted by publicly funded centers",650,WY,Wyoming,2016,n/a,,"Publicly Supported Family Planning Services in the United States: Likely Need, Availability and Impact <https://www.guttmacher.org/report/publicly-supported-FP-services-us-2016>"
"No. of births averted by publicly funded centers",9850,AL,Alabama,2016,n/a,,"Publicly Supported Family Planning Services in the United States: Likely Need, Availability and Impact <https://www.guttmacher.org/report/publicly-supported-FP-services-us-2016>"
"No. of births averted by publicly funded centers",2190,AK,Alaska,2016,n/a,,"Publicly Supported Family Planning Services in the United States: Likely Need, Availability and Impact <https://www.guttmacher.org/report/publicly-supported-FP-services-us-2016>"
"No. of births averted by publicly funded centers",8900,AZ,Arizona,2016,n/a,,"Publicly Supported Family Planning Services in the United States: Likely Need, Availability and Impact <https://www.guttmacher.org/report/publicly-supported-FP-services-us-2016>"
"No. of births averted by publicly funded centers",5150,AR,Arkansas,2016,n/a,,"Publicly Supported Family Planning Services in the United States: Likely Need, Availability and Impact <https://www.guttmacher.org/report/publicly-supported-FP-services-us-2016>"
"No. of births averted by publicly funded centers",163380,CA,California,2016,n/a,,"Publicly Supported Family Planning Services in the United States: Likely Need, Availability and Impact <https://www.guttmacher.org/report/publicly-supported-FP-services-us-2016>"
"No. of births averted by publicly funded centers",11660,CO,Colorado,2016,n/a,,"Publicly Supported Family Planning Services in the United States: Likely Need, Availability and Impact <https://www.guttmacher.org/report/publicly-supported-FP-services-us-2016>"
"No. of births averted by publicly funded centers",6880,CT,Connecticut,2016,n/a,,"Publicly Supported Family Planning Services in the United States: Likely Need, Availability and Impact <https://www.guttmacher.org/report/publicly-supported-FP-services-us-2016>"
"No. of births averted by publicly funded centers",1620,DE,Delaware,2016,n/a,,"Publicly Supported Family Planning Services in the United States: Likely Need, Availability and Impact <https://www.guttmacher.org/report/publicly-supported-FP-services-us-2016>"
"No. of births averted by publicly funded centers",4400,DC,"District of Columbia",2016,n/a,,"Publicly Supported Family Planning Services in the United States: Likely Need, Availability and Impact <https://www.guttmacher.org/report/publicly-supported-FP-services-us-2016>"
"No. of births averted by publicly funded centers",21650,FL,Florida,2016,n/a,,"Publicly Supported Family Planning Services in the United States: Likely Need, Availability and Impact <https://www.guttmacher.org/report/publicly-supported-FP-services-us-2016>"
"No. of births averted by publicly funded centers",19680,GA,Georgia,2016,n/a,,"Publicly Supported Family Planning Services in the United States: Likely Need, Availability and Impact <https://www.guttmacher.org/report/publicly-supported-FP-services-us-2016>"
"No. of births averted by publicly funded centers",1400,HI,Hawaii,2016,n/a,,"Publicly Supported Family Planning Services in the United States: Likely Need, Availability and Impact <https://www.guttmacher.org/report/publicly-supported-FP-services-us-2016>"
"No. of births averted by publicly funded centers",2110,ID,Idaho,2016,n/a,,"Publicly Supported Family Planning Services in the United States: Likely Need, Availability and Impact <https://www.guttmacher.org/report/publicly-supported-FP-services-us-2016>"
"No. of births averted by publicly funded centers",19210,IL,Illinois,2016,n/a,,"Publicly Supported Family Planning Services in the United States: Likely Need, Availability and Impact <https://www.guttmacher.org/report/publicly-supported-FP-services-us-2016>"
"No. of births averted by publicly funded centers",7680,IN,Indiana,2016,n/a,,"Publicly Supported Family Planning Services in the United States: Likely Need, Availability and Impact <https://www.guttmacher.org/report/publicly-supported-FP-services-us-2016>"
"No. of births averted by publicly funded centers",5270,IA,Iowa,2016,n/a,,"Publicly Supported Family Planning Services in the United States: Likely Need, Availability and Impact <https://www.guttmacher.org/report/publicly-supported-FP-services-us-2016>"
"No. of births averted by publicly funded centers",3470,KS,Kansas,2016,n/a,,"Publicly Supported Family Planning Services in the United States: Likely Need, Availability and Impact <https://www.guttmacher.org/report/publicly-supported-FP-services-us-2016>"
"No. of births averted by publicly funded centers",7030,KY,Kentucky,2016,n/a,,"Publicly Supported Family Planning Services in the United States: Likely Need, Availability and Impact <https://www.guttmacher.org/report/publicly-supported-FP-services-us-2016>"
"No. of births averted by publicly funded centers",7170,LA,Louisiana,2016,n/a,,"Publicly Supported Family Planning Services in the United States: Likely Need, Availability and Impact <https://www.guttmacher.org/report/publicly-supported-FP-services-us-2016>"
"No. of births averted by publicly funded centers",2580,ME,Maine,2016,n/a,,"Publicly Supported Family Planning Services in the United States: Likely Need, Availability and Impact <https://www.guttmacher.org/report/publicly-supported-FP-services-us-2016>"
"No. of births averted by publicly funded centers",9890,MD,Maryland,2016,n/a,,"Publicly Supported Family Planning Services in the United States: Likely Need, Availability and Impact <https://www.guttmacher.org/report/publicly-supported-FP-services-us-2016>"
"No. of births averted by publicly funded centers",9170,MA,Massachusetts,2016,n/a,,"Publicly Supported Family Planning Services in the United States: Likely Need, Availability and Impact <https://www.guttmacher.org/report/publicly-supported-FP-services-us-2016>"
"No. of births averted by publicly funded centers",10670,MI,Michigan,2016,n/a,,"Publicly Supported Family Planning Services in the United States: Likely Need, Availability and Impact <https://www.guttmacher.org/report/publicly-supported-FP-services-us-2016>"
"No. of births averted by publicly funded centers",7730,MN,Minnesota,2016,n/a,,"Publicly Supported Family Planning Services in the United States: Likely Need, Availability and Impact <https://www.guttmacher.org/report/publicly-supported-FP-services-us-2016>"
"No. of births averted by publicly funded centers",5340,MS,Mississippi,2016,n/a,,"Publicly Supported Family Planning Services in the United States: Likely Need, Availability and Impact <https://www.guttmacher.org/report/publicly-supported-FP-services-us-2016>"
"No. of births averted by publicly funded centers",8580,MO,Missouri,2016,n/a,,"Publicly Supported Family Planning Services in the United States: Likely Need, Availability and Impact <https://www.guttmacher.org/report/publicly-supported-FP-services-us-2016>"
"No. of births averted by publicly funded centers",2430,MT,Montana,2016,n/a,,"Publicly Supported Family Planning Services in the United States: Likely Need, Availability and Impact <https://www.guttmacher.org/report/publicly-supported-FP-services-us-2016>"
"No. of births averted by publicly funded centers",3030,NE,Nebraska,2016,n/a,,"Publicly Supported Family Planning Services in the United States: Likely Need, Availability and Impact <https://www.guttmacher.org/report/publicly-supported-FP-services-us-2016>"
"No. of births averted by publicly funded centers",2670,NV,Nevada,2016,n/a,,"Publicly Supported Family Planning Services in the United States: Likely Need, Availability and Impact <https://www.guttmacher.org/report/publicly-supported-FP-services-us-2016>"
"No. of births averted by publicly funded centers",1910,NH,"New Hampshire",2016,n/a,,"Publicly Supported Family Planning Services in the United States: Likely Need, Availability and Impact <https://www.guttmacher.org/report/publicly-supported-FP-services-us-2016>"
"No. of births averted by publicly funded centers",11910,NJ,"New Jersey",2016,n/a,,"Publicly Supported Family Planning Services in the United States: Likely Need, Availability and Impact <https://www.guttmacher.org/report/publicly-supported-FP-services-us-2016>"
"No. of births averted by publicly funded centers",5310,NM,"New Mexico",2016,n/a,,"Publicly Supported Family Planning Services in the United States: Likely Need, Availability and Impact <https://www.guttmacher.org/report/publicly-supported-FP-services-us-2016>"
"No. of births averted by publicly funded centers",43820,NY,"New York",2016,n/a,,"Publicly Supported Family Planning Services in the United States: Likely Need, Availability and Impact <https://www.guttmacher.org/report/publicly-supported-FP-services-us-2016>"
"No. of births averted by publicly funded centers",11780,NC,"North Carolina",2016,n/a,,"Publicly Supported Family Planning Services in the United States: Likely Need, Availability and Impact <https://www.guttmacher.org/report/publicly-supported-FP-services-us-2016>"
"No. of births averted by publicly funded centers",1090,ND,"North Dakota",2016,n/a,,"Publicly Supported Family Planning Services in the United States: Likely Need, Availability and Impact <https://www.guttmacher.org/report/publicly-supported-FP-services-us-2016>"
"No. of births averted by publicly funded centers",15460,OH,Ohio,2016,n/a,,"Publicly Supported Family Planning Services in the United States: Likely Need, Availability and Impact <https://www.guttmacher.org/report/publicly-supported-FP-services-us-2016>"
"No. of births averted by publicly funded centers",8550,OK,Oklahoma,2016,n/a,,"Publicly Supported Family Planning Services in the United States: Likely Need, Availability and Impact <https://www.guttmacher.org/report/publicly-supported-FP-services-us-2016>"
"No. of births averted by publicly funded centers",10810,OR,Oregon,2016,n/a,,"Publicly Supported Family Planning Services in the United States: Likely Need, Availability and Impact <https://www.guttmacher.org/report/publicly-supported-FP-services-us-2016>"
"No. of births averted by publicly funded centers",23580,PA,Pennsylvania,2016,n/a,,"Publicly Supported Family Planning Services in the United States: Likely Need, Availability and Impact <https://www.guttmacher.org/report/publicly-supported-FP-services-us-2016>"
"No. of births averted by publicly funded centers",2730,RI,"Rhode Island",2016,n/a,,"Publicly Supported Family Planning Services in the United States: Likely Need, Availability and Impact <https://www.guttmacher.org/report/publicly-supported-FP-services-us-2016>"
"No. of births averted by publicly funded centers",9060,SC,"South Carolina",2016,n/a,,"Publicly Supported Family Planning Services in the United States: Likely Need, Availability and Impact <https://www.guttmacher.org/report/publicly-supported-FP-services-us-2016>"
"No. of births averted by publicly funded centers",1130,SD,"South Dakota",2016,n/a,,"Publicly Supported Family Planning Services in the United States: Likely Need, Availability and Impact <https://www.guttmacher.org/report/publicly-supported-FP-services-us-2016>"
"No. of births averted by publicly funded centers",10520,TN,Tennessee,2016,n/a,,"Publicly Supported Family Planning Services in the United States: Likely Need, Availability and Impact <https://www.guttmacher.org/report/publicly-supported-FP-services-us-2016>"
"No. of births averted by publicly funded centers",41890,TX,Texas,2016,n/a,,"Publicly Supported Family Planning Services in the United States: Likely Need, Availability and Impact <https://www.guttmacher.org/report/publicly-supported-FP-services-us-2016>"
"No. of births averted by publicly funded centers",3880,UT,Utah,2016,n/a,,"Publicly Supported Family Planning Services in the United States: Likely Need, Availability and Impact <https://www.guttmacher.org/report/publicly-supported-FP-services-us-2016>"
"No. of births averted by publicly funded centers",1990,VT,Vermont,2016,n/a,,"Publicly Supported Family Planning Services in the United States: Likely Need, Availability and Impact <https://www.guttmacher.org/report/publicly-supported-FP-services-us-2016>"
"No. of births averted by publicly funded centers",7730,VA,Virginia,2016,n/a,,"Publicly Supported Family Planning Services in the United States: Likely Need, Availability and Impact <https://www.guttmacher.org/report/publicly-supported-FP-services-us-2016>"
"No. of births averted by publicly funded centers",13670,WA,Washington,2016,n/a,,"Publicly Supported Family Planning Services in the United States: Likely Need, Availability and Impact <https://www.guttmacher.org/report/publicly-supported-FP-services-us-2016>"
"No. of births averted by publicly funded centers",7840,WV,"West Virginia",2016,n/a,,"Publicly Supported Family Planning Services in the United States: Likely Need, Availability and Impact <https://www.guttmacher.org/report/publicly-supported-FP-services-us-2016>"
"No. of births averted by publicly funded centers",8390,WI,Wisconsin,2016,n/a,,"Publicly Supported Family Planning Services in the United States: Likely Need, Availability and Impact <https://www.guttmacher.org/report/publicly-supported-FP-services-us-2016>"
"No. of births averted by publicly funded centers",910,WY,Wyoming,2016,n/a,,"Publicly Supported Family Planning Services in the United States: Likely Need, Availability and Impact <https://www.guttmacher.org/report/publicly-supported-FP-services-us-2016>"
"No. of pregnancies averted by publicly funded centers",20930,AL,Alabama,2016,n/a,,"Publicly Supported Family Planning Services in the United States: Likely Need, Availability and Impact <https://www.guttmacher.org/report/publicly-supported-FP-services-us-2016>"
"No. of pregnancies averted by publicly funded centers",4640,AK,Alaska,2016,n/a,,"Publicly Supported Family Planning Services in the United States: Likely Need, Availability and Impact <https://www.guttmacher.org/report/publicly-supported-FP-services-us-2016>"
"No. of pregnancies averted by publicly funded centers",18900,AZ,Arizona,2016,n/a,,"Publicly Supported Family Planning Services in the United States: Likely Need, Availability and Impact <https://www.guttmacher.org/report/publicly-supported-FP-services-us-2016>"
"No. of pregnancies averted by publicly funded centers",10930,AR,Arkansas,2016,n/a,,"Publicly Supported Family Planning Services in the United States: Likely Need, Availability and Impact <https://www.guttmacher.org/report/publicly-supported-FP-services-us-2016>"
"No. of pregnancies averted by publicly funded centers",346970,CA,California,2016,n/a,,"Publicly Supported Family Planning Services in the United States: Likely Need, Availability and Impact <https://www.guttmacher.org/report/publicly-supported-FP-services-us-2016>"
"No. of pregnancies averted by publicly funded centers",24770,CO,Colorado,2016,n/a,,"Publicly Supported Family Planning Services in the United States: Likely Need, Availability and Impact <https://www.guttmacher.org/report/publicly-supported-FP-services-us-2016>"
"No. of pregnancies averted by publicly funded centers",14610,CT,Connecticut,2016,n/a,,"Publicly Supported Family Planning Services in the United States: Likely Need, Availability and Impact <https://www.guttmacher.org/report/publicly-supported-FP-services-us-2016>"
"No. of pregnancies averted by publicly funded centers",3450,DE,Delaware,2016,n/a,,"Publicly Supported Family Planning Services in the United States: Likely Need, Availability and Impact <https://www.guttmacher.org/report/publicly-supported-FP-services-us-2016>"
"No. of pregnancies averted by publicly funded centers",9350,DC,"District of Columbia",2016,n/a,,"Publicly Supported Family Planning Services in the United States: Likely Need, Availability and Impact <https://www.guttmacher.org/report/publicly-supported-FP-services-us-2016>"
"No. of pregnancies averted by publicly funded centers",45990,FL,Florida,2016,n/a,,"Publicly Supported Family Planning Services in the United States: Likely Need, Availability and Impact <https://www.guttmacher.org/report/publicly-supported-FP-services-us-2016>"
"No. of pregnancies averted by publicly funded centers",41800,GA,Georgia,2016,n/a,,"Publicly Supported Family Planning Services in the United States: Likely Need, Availability and Impact <https://www.guttmacher.org/report/publicly-supported-FP-services-us-2016>"
"No. of pregnancies averted by publicly funded centers",2970,HI,Hawaii,2016,n/a,,"Publicly Supported Family Planning Services in the United States: Likely Need, Availability and Impact <https://www.guttmacher.org/report/publicly-supported-FP-services-us-2016>"
"No. of pregnancies averted by publicly funded centers",4480,ID,Idaho,2016,n/a,,"Publicly Supported Family Planning Services in the United States: Likely Need, Availability and Impact <https://www.guttmacher.org/report/publicly-supported-FP-services-us-2016>"
"No. of pregnancies averted by publicly funded centers",40790,IL,Illinois,2016,n/a,,"Publicly Supported Family Planning Services in the United States: Likely Need, Availability and Impact <https://www.guttmacher.org/report/publicly-supported-FP-services-us-2016>"
"No. of pregnancies averted by publicly funded centers",16320,IN,Indiana,2016,n/a,,"Publicly Supported Family Planning Services in the United States: Likely Need, Availability and Impact <https://www.guttmacher.org/report/publicly-supported-FP-services-us-2016>"
"No. of pregnancies averted by publicly funded centers",11180,IA,Iowa,2016,n/a,,"Publicly Supported Family Planning Services in the United States: Likely Need, Availability and Impact <https://www.guttmacher.org/report/publicly-supported-FP-services-us-2016>"
"No. of pregnancies averted by publicly funded centers",7370,KS,Kansas,2016,n/a,,"Publicly Supported Family Planning Services in the United States: Likely Need, Availability and Impact <https://www.guttmacher.org/report/publicly-supported-FP-services-us-2016>"
"No. of pregnancies averted by publicly funded centers",14930,KY,Kentucky,2016,n/a,,"Publicly Supported Family Planning Services in the United States: Likely Need, Availability and Impact <https://www.guttmacher.org/report/publicly-supported-FP-services-us-2016>"
"No. of pregnancies averted by publicly funded centers",15240,LA,Louisiana,2016,n/a,,"Publicly Supported Family Planning Services in the United States: Likely Need, Availability and Impact <https://www.guttmacher.org/report/publicly-supported-FP-services-us-2016>"
"No. of pregnancies averted by publicly funded centers",5470,ME,Maine,2016,n/a,,"Publicly Supported Family Planning Services in the United States: Likely Need, Availability and Impact <https://www.guttmacher.org/report/publicly-supported-FP-services-us-2016>"
"No. of pregnancies averted by publicly funded centers",21010,MD,Maryland,2016,n/a,,"Publicly Supported Family Planning Services in the United States: Likely Need, Availability and Impact <https://www.guttmacher.org/report/publicly-supported-FP-services-us-2016>"
"No. of pregnancies averted by publicly funded centers",19480,MA,Massachusetts,2016,n/a,,"Publicly Supported Family Planning Services in the United States: Likely Need, Availability and Impact <https://www.guttmacher.org/report/publicly-supported-FP-services-us-2016>"
"No. of pregnancies averted by publicly funded centers",22660,MI,Michigan,2016,n/a,,"Publicly Supported Family Planning Services in the United States: Likely Need, Availability and Impact <https://www.guttmacher.org/report/publicly-supported-FP-services-us-2016>"
"No. of pregnancies averted by publicly funded centers",16410,MN,Minnesota,2016,n/a,,"Publicly Supported Family Planning Services in the United States: Likely Need, Availability and Impact <https://www.guttmacher.org/report/publicly-supported-FP-services-us-2016>"
"No. of pregnancies averted by publicly funded centers",11340,MS,Mississippi,2016,n/a,,"Publicly Supported Family Planning Services in the United States: Likely Need, Availability and Impact <https://www.guttmacher.org/report/publicly-supported-FP-services-us-2016>"
"No. of pregnancies averted by publicly funded centers",18210,MO,Missouri,2016,n/a,,"Publicly Supported Family Planning Services in the United States: Likely Need, Availability and Impact <https://www.guttmacher.org/report/publicly-supported-FP-services-us-2016>"
"No. of pregnancies averted by publicly funded centers",5160,MT,Montana,2016,n/a,,"Publicly Supported Family Planning Services in the United States: Likely Need, Availability and Impact <https://www.guttmacher.org/report/publicly-supported-FP-services-us-2016>"
"No. of pregnancies averted by publicly funded centers",6430,NE,Nebraska,2016,n/a,,"Publicly Supported Family Planning Services in the United States: Likely Need, Availability and Impact <https://www.guttmacher.org/report/publicly-supported-FP-services-us-2016>"
"No. of pregnancies averted by publicly funded centers",5670,NV,Nevada,2016,n/a,,"Publicly Supported Family Planning Services in the United States: Likely Need, Availability and Impact <https://www.guttmacher.org/report/publicly-supported-FP-services-us-2016>"
"No. of pregnancies averted by publicly funded centers",4060,NH,"New Hampshire",2016,n/a,,"Publicly Supported Family Planning Services in the United States: Likely Need, Availability and Impact <https://www.guttmacher.org/report/publicly-supported-FP-services-us-2016>"
"No. of pregnancies averted by publicly funded centers",25290,NJ,"New Jersey",2016,n/a,,"Publicly Supported Family Planning Services in the United States: Likely Need, Availability and Impact <https://www.guttmacher.org/report/publicly-supported-FP-services-us-2016>"
"No. of pregnancies averted by publicly funded centers",11280,NM,"New Mexico",2016,n/a,,"Publicly Supported Family Planning Services in the United States: Likely Need, Availability and Impact <https://www.guttmacher.org/report/publicly-supported-FP-services-us-2016>"
"No. of pregnancies averted by publicly funded centers",93060,NY,"New York",2016,n/a,,"Publicly Supported Family Planning Services in the United States: Likely Need, Availability and Impact <https://www.guttmacher.org/report/publicly-supported-FP-services-us-2016>"
"No. of pregnancies averted by publicly funded centers",25010,NC,"North Carolina",2016,n/a,,"Publicly Supported Family Planning Services in the United States: Likely Need, Availability and Impact <https://www.guttmacher.org/report/publicly-supported-FP-services-us-2016>"
"No. of pregnancies averted by publicly funded centers",2310,ND,"North Dakota",2016,n/a,,"Publicly Supported Family Planning Services in the United States: Likely Need, Availability and Impact <https://www.guttmacher.org/report/publicly-supported-FP-services-us-2016>"
"No. of pregnancies averted by publicly funded centers",32830,OH,Ohio,2016,n/a,,"Publicly Supported Family Planning Services in the United States: Likely Need, Availability and Impact <https://www.guttmacher.org/report/publicly-supported-FP-services-us-2016>"
"No. of pregnancies averted by publicly funded centers",18170,OK,Oklahoma,2016,n/a,,"Publicly Supported Family Planning Services in the United States: Likely Need, Availability and Impact <https://www.guttmacher.org/report/publicly-supported-FP-services-us-2016>"
"No. of pregnancies averted by publicly funded centers",22970,OR,Oregon,2016,n/a,,"Publicly Supported Family Planning Services in the United States: Likely Need, Availability and Impact <https://www.guttmacher.org/report/publicly-supported-FP-services-us-2016>"
"No. of pregnancies averted by publicly funded centers",50090,PA,Pennsylvania,2016,n/a,,"Publicly Supported Family Planning Services in the United States: Likely Need, Availability and Impact <https://www.guttmacher.org/report/publicly-supported-FP-services-us-2016>"
"No. of pregnancies averted by publicly funded centers",5810,RI,"Rhode Island",2016,n/a,,"Publicly Supported Family Planning Services in the United States: Likely Need, Availability and Impact <https://www.guttmacher.org/report/publicly-supported-FP-services-us-2016>"
"No. of pregnancies averted by publicly funded centers",19240,SC,"South Carolina",2016,n/a,,"Publicly Supported Family Planning Services in the United States: Likely Need, Availability and Impact <https://www.guttmacher.org/report/publicly-supported-FP-services-us-2016>"
"No. of pregnancies averted by publicly funded centers",2400,SD,"South Dakota",2016,n/a,,"Publicly Supported Family Planning Services in the United States: Likely Need, Availability and Impact <https://www.guttmacher.org/report/publicly-supported-FP-services-us-2016>"
"No. of pregnancies averted by publicly funded centers",22340,TN,Tennessee,2016,n/a,,"Publicly Supported Family Planning Services in the United States: Likely Need, Availability and Impact <https://www.guttmacher.org/report/publicly-supported-FP-services-us-2016>"
"No. of pregnancies averted by publicly funded centers",88960,TX,Texas,2016,n/a,,"Publicly Supported Family Planning Services in the United States: Likely Need, Availability and Impact <https://www.guttmacher.org/report/publicly-supported-FP-services-us-2016>"
"No. of pregnancies averted by publicly funded centers",8240,UT,Utah,2016,n/a,,"Publicly Supported Family Planning Services in the United States: Likely Need, Availability and Impact <https://www.guttmacher.org/report/publicly-supported-FP-services-us-2016>"
"No. of pregnancies averted by publicly funded centers",4230,VT,Vermont,2016,n/a,,"Publicly Supported Family Planning Services in the United States: Likely Need, Availability and Impact <https://www.guttmacher.org/report/publicly-supported-FP-services-us-2016>"
"No. of pregnancies averted by publicly funded centers",16410,VA,Virginia,2016,n/a,,"Publicly Supported Family Planning Services in the United States: Likely Need, Availability and Impact <https://www.guttmacher.org/report/publicly-supported-FP-services-us-2016>"
"No. of pregnancies averted by publicly funded centers",29040,WA,Washington,2016,n/a,,"Publicly Supported Family Planning Services in the United States: Likely Need, Availability and Impact <https://www.guttmacher.org/report/publicly-supported-FP-services-us-2016>"
"No. of pregnancies averted by publicly funded centers",16650,WV,"West Virginia",2016,n/a,,"Publicly Supported Family Planning Services in the United States: Likely Need, Availability and Impact <https://www.guttmacher.org/report/publicly-supported-FP-services-us-2016>"
"No. of pregnancies averted by publicly funded centers",17820,WI,Wisconsin,2016,n/a,,"Publicly Supported Family Planning Services in the United States: Likely Need, Availability and Impact <https://www.guttmacher.org/report/publicly-supported-FP-services-us-2016>"
"No. of pregnancies averted by publicly funded centers",1920,WY,Wyoming,2016,n/a,,"Publicly Supported Family Planning Services in the United States: Likely Need, Availability and Impact <https://www.guttmacher.org/report/publicly-supported-FP-services-us-2016>"
"No. of pregnancies averted to clients aged <20 by publicly funded centers",5580,AL,Alabama,2016,n/a,,"Publicly Supported Family Planning Services in the United States: Likely Need, Availability and Impact <https://www.guttmacher.org/report/publicly-supported-FP-services-us-2016>"
"No. of pregnancies averted to clients aged <20 by publicly funded centers",1310,AK,Alaska,2016,n/a,,"Publicly Supported Family Planning Services in the United States: Likely Need, Availability and Impact <https://www.guttmacher.org/report/publicly-supported-FP-services-us-2016>"
"No. of pregnancies averted to clients aged <20 by publicly funded centers",4540,AZ,Arizona,2016,n/a,,"Publicly Supported Family Planning Services in the United States: Likely Need, Availability and Impact <https://www.guttmacher.org/report/publicly-supported-FP-services-us-2016>"
"No. of pregnancies averted to clients aged <20 by publicly funded centers",2920,AR,Arkansas,2016,n/a,,"Publicly Supported Family Planning Services in the United States: Likely Need, Availability and Impact <https://www.guttmacher.org/report/publicly-supported-FP-services-us-2016>"
"No. of pregnancies averted to clients aged <20 by publicly funded centers",69560,CA,California,2016,n/a,,"Publicly Supported Family Planning Services in the United States: Likely Need, Availability and Impact <https://www.guttmacher.org/report/publicly-supported-FP-services-us-2016>"
"No. of pregnancies averted to clients aged <20 by publicly funded centers",6530,CO,Colorado,2016,n/a,,"Publicly Supported Family Planning Services in the United States: Likely Need, Availability and Impact <https://www.guttmacher.org/report/publicly-supported-FP-services-us-2016>"
"No. of pregnancies averted to clients aged <20 by publicly funded centers",3900,CT,Connecticut,2016,n/a,,"Publicly Supported Family Planning Services in the United States: Likely Need, Availability and Impact <https://www.guttmacher.org/report/publicly-supported-FP-services-us-2016>"
"No. of pregnancies averted to clients aged <20 by publicly funded centers",1240,DE,Delaware,2016,n/a,,"Publicly Supported Family Planning Services in the United States: Likely Need, Availability and Impact <https://www.guttmacher.org/report/publicly-supported-FP-services-us-2016>"
"No. of pregnancies averted to clients aged <20 by publicly funded centers",2030,DC,"District of Columbia",2016,n/a,,"Publicly Supported Family Planning Services in the United States: Likely Need, Availability and Impact <https://www.guttmacher.org/report/publicly-supported-FP-services-us-2016>"
"No. of pregnancies averted to clients aged <20 by publicly funded centers",11020,FL,Florida,2016,n/a,,"Publicly Supported Family Planning Services in the United States: Likely Need, Availability and Impact <https://www.guttmacher.org/report/publicly-supported-FP-services-us-2016>"
"No. of pregnancies averted to clients aged <20 by publicly funded centers",11790,GA,Georgia,2016,n/a,,"Publicly Supported Family Planning Services in the United States: Likely Need, Availability and Impact <https://www.guttmacher.org/report/publicly-supported-FP-services-us-2016>"
"No. of pregnancies averted to clients aged <20 by publicly funded centers",700,HI,Hawaii,2016,n/a,,"Publicly Supported Family Planning Services in the United States: Likely Need, Availability and Impact <https://www.guttmacher.org/report/publicly-supported-FP-services-us-2016>"
"No. of pregnancies averted to clients aged <20 by publicly funded centers",1190,ID,Idaho,2016,n/a,,"Publicly Supported Family Planning Services in the United States: Likely Need, Availability and Impact <https://www.guttmacher.org/report/publicly-supported-FP-services-us-2016>"
"No. of pregnancies averted to clients aged <20 by publicly funded centers",10780,IL,Illinois,2016,n/a,,"Publicly Supported Family Planning Services in the United States: Likely Need, Availability and Impact <https://www.guttmacher.org/report/publicly-supported-FP-services-us-2016>"
"No. of pregnancies averted to clients aged <20 by publicly funded centers",4260,IN,Indiana,2016,n/a,,"Publicly Supported Family Planning Services in the United States: Likely Need, Availability and Impact <https://www.guttmacher.org/report/publicly-supported-FP-services-us-2016>"
"No. of pregnancies averted to clients aged <20 by publicly funded centers",3110,IA,Iowa,2016,n/a,,"Publicly Supported Family Planning Services in the United States: Likely Need, Availability and Impact <https://www.guttmacher.org/report/publicly-supported-FP-services-us-2016>"
"No. of pregnancies averted to clients aged <20 by publicly funded centers",1770,KS,Kansas,2016,n/a,,"Publicly Supported Family Planning Services in the United States: Likely Need, Availability and Impact <https://www.guttmacher.org/report/publicly-supported-FP-services-us-2016>"
"No. of pregnancies averted to clients aged <20 by publicly funded centers",4210,KY,Kentucky,2016,n/a,,"Publicly Supported Family Planning Services in the United States: Likely Need, Availability and Impact <https://www.guttmacher.org/report/publicly-supported-FP-services-us-2016>"
"No. of pregnancies averted to clients aged <20 by publicly funded centers",3740,LA,Louisiana,2016,n/a,,"Publicly Supported Family Planning Services in the United States: Likely Need, Availability and Impact <https://www.guttmacher.org/report/publicly-supported-FP-services-us-2016>"
"No. of pregnancies averted to clients aged <20 by publicly funded centers",1540,ME,Maine,2016,n/a,,"Publicly Supported Family Planning Services in the United States: Likely Need, Availability and Impact <https://www.guttmacher.org/report/publicly-supported-FP-services-us-2016>"
"No. of pregnancies averted to clients aged <20 by publicly funded centers",5120,MD,Maryland,2016,n/a,,"Publicly Supported Family Planning Services in the United States: Likely Need, Availability and Impact <https://www.guttmacher.org/report/publicly-supported-FP-services-us-2016>"
"No. of pregnancies averted to clients aged <20 by publicly funded centers",5510,MA,Massachusetts,2016,n/a,,"Publicly Supported Family Planning Services in the United States: Likely Need, Availability and Impact <https://www.guttmacher.org/report/publicly-supported-FP-services-us-2016>"
"No. of pregnancies averted to clients aged <20 by publicly funded centers",6580,MI,Michigan,2016,n/a,,"Publicly Supported Family Planning Services in the United States: Likely Need, Availability and Impact <https://www.guttmacher.org/report/publicly-supported-FP-services-us-2016>"
"No. of pregnancies averted to clients aged <20 by publicly funded centers",4550,MN,Minnesota,2016,n/a,,"Publicly Supported Family Planning Services in the United States: Likely Need, Availability and Impact <https://www.guttmacher.org/report/publicly-supported-FP-services-us-2016>"
"No. of pregnancies averted to clients aged <20 by publicly funded centers",3750,MS,Mississippi,2016,n/a,,"Publicly Supported Family Planning Services in the United States: Likely Need, Availability and Impact <https://www.guttmacher.org/report/publicly-supported-FP-services-us-2016>"
"No. of pregnancies averted to clients aged <20 by publicly funded centers",5490,MO,Missouri,2016,n/a,,"Publicly Supported Family Planning Services in the United States: Likely Need, Availability and Impact <https://www.guttmacher.org/report/publicly-supported-FP-services-us-2016>"
"No. of pregnancies averted to clients aged <20 by publicly funded centers",1550,MT,Montana,2016,n/a,,"Publicly Supported Family Planning Services in the United States: Likely Need, Availability and Impact <https://www.guttmacher.org/report/publicly-supported-FP-services-us-2016>"
"No. of pregnancies averted to clients aged <20 by publicly funded centers",1330,NE,Nebraska,2016,n/a,,"Publicly Supported Family Planning Services in the United States: Likely Need, Availability and Impact <https://www.guttmacher.org/report/publicly-supported-FP-services-us-2016>"
"No. of pregnancies averted to clients aged <20 by publicly funded centers",1300,NV,Nevada,2016,n/a,,"Publicly Supported Family Planning Services in the United States: Likely Need, Availability and Impact <https://www.guttmacher.org/report/publicly-supported-FP-services-us-2016>"
"No. of pregnancies averted to clients aged <20 by publicly funded centers",990,NH,"New Hampshire",2016,n/a,,"Publicly Supported Family Planning Services in the United States: Likely Need, Availability and Impact <https://www.guttmacher.org/report/publicly-supported-FP-services-us-2016>"
"No. of pregnancies averted to clients aged <20 by publicly funded centers",5160,NJ,"New Jersey",2016,n/a,,"Publicly Supported Family Planning Services in the United States: Likely Need, Availability and Impact <https://www.guttmacher.org/report/publicly-supported-FP-services-us-2016>"
"No. of pregnancies averted to clients aged <20 by publicly funded centers",3120,NM,"New Mexico",2016,n/a,,"Publicly Supported Family Planning Services in the United States: Likely Need, Availability and Impact <https://www.guttmacher.org/report/publicly-supported-FP-services-us-2016>"
"No. of pregnancies averted to clients aged <20 by publicly funded centers",22850,NY,"New York",2016,n/a,,"Publicly Supported Family Planning Services in the United States: Likely Need, Availability and Impact <https://www.guttmacher.org/report/publicly-supported-FP-services-us-2016>"
"No. of pregnancies averted to clients aged <20 by publicly funded centers",5350,NC,"North Carolina",2016,n/a,,"Publicly Supported Family Planning Services in the United States: Likely Need, Availability and Impact <https://www.guttmacher.org/report/publicly-supported-FP-services-us-2016>"
"No. of pregnancies averted to clients aged <20 by publicly funded centers",630,ND,"North Dakota",2016,n/a,,"Publicly Supported Family Planning Services in the United States: Likely Need, Availability and Impact <https://www.guttmacher.org/report/publicly-supported-FP-services-us-2016>"
"No. of pregnancies averted to clients aged <20 by publicly funded centers",9560,OH,Ohio,2016,n/a,,"Publicly Supported Family Planning Services in the United States: Likely Need, Availability and Impact <https://www.guttmacher.org/report/publicly-supported-FP-services-us-2016>"
"No. of pregnancies averted to clients aged <20 by publicly funded centers",5830,OK,Oklahoma,2016,n/a,,"Publicly Supported Family Planning Services in the United States: Likely Need, Availability and Impact <https://www.guttmacher.org/report/publicly-supported-FP-services-us-2016>"
"No. of pregnancies averted to clients aged <20 by publicly funded centers",5360,OR,Oregon,2016,n/a,,"Publicly Supported Family Planning Services in the United States: Likely Need, Availability and Impact <https://www.guttmacher.org/report/publicly-supported-FP-services-us-2016>"
"No. of pregnancies averted to clients aged <20 by publicly funded centers",13830,PA,Pennsylvania,2016,n/a,,"Publicly Supported Family Planning Services in the United States: Likely Need, Availability and Impact <https://www.guttmacher.org/report/publicly-supported-FP-services-us-2016>"
"No. of pregnancies averted to clients aged <20 by publicly funded centers",1750,RI,"Rhode Island",2016,n/a,,"Publicly Supported Family Planning Services in the United States: Likely Need, Availability and Impact <https://www.guttmacher.org/report/publicly-supported-FP-services-us-2016>"
"No. of pregnancies averted to clients aged <20 by publicly funded centers",4670,SC,"South Carolina",2016,n/a,,"Publicly Supported Family Planning Services in the United States: Likely Need, Availability and Impact <https://www.guttmacher.org/report/publicly-supported-FP-services-us-2016>"
"No. of pregnancies averted to clients aged <20 by publicly funded centers",700,SD,"South Dakota",2016,n/a,,"Publicly Supported Family Planning Services in the United States: Likely Need, Availability and Impact <https://www.guttmacher.org/report/publicly-supported-FP-services-us-2016>"
"No. of pregnancies averted to clients aged <20 by publicly funded centers",6270,TN,Tennessee,2016,n/a,,"Publicly Supported Family Planning Services in the United States: Likely Need, Availability and Impact <https://www.guttmacher.org/report/publicly-supported-FP-services-us-2016>"
"No. of pregnancies averted to clients aged <20 by publicly funded centers",23050,TX,Texas,2016,n/a,,"Publicly Supported Family Planning Services in the United States: Likely Need, Availability and Impact <https://www.guttmacher.org/report/publicly-supported-FP-services-us-2016>"
"No. of pregnancies averted to clients aged <20 by publicly funded centers",2400,UT,Utah,2016,n/a,,"Publicly Supported Family Planning Services in the United States: Likely Need, Availability and Impact <https://www.guttmacher.org/report/publicly-supported-FP-services-us-2016>"
"No. of pregnancies averted to clients aged <20 by publicly funded centers",1090,VT,Vermont,2016,n/a,,"Publicly Supported Family Planning Services in the United States: Likely Need, Availability and Impact <https://www.guttmacher.org/report/publicly-supported-FP-services-us-2016>"
"No. of pregnancies averted to clients aged <20 by publicly funded centers",3310,VA,Virginia,2016,n/a,,"Publicly Supported Family Planning Services in the United States: Likely Need, Availability and Impact <https://www.guttmacher.org/report/publicly-supported-FP-services-us-2016>"
"No. of pregnancies averted to clients aged <20 by publicly funded centers",7490,WA,Washington,2016,n/a,,"Publicly Supported Family Planning Services in the United States: Likely Need, Availability and Impact <https://www.guttmacher.org/report/publicly-supported-FP-services-us-2016>"
"No. of pregnancies averted to clients aged <20 by publicly funded centers",4610,WV,"West Virginia",2016,n/a,,"Publicly Supported Family Planning Services in the United States: Likely Need, Availability and Impact <https://www.guttmacher.org/report/publicly-supported-FP-services-us-2016>"
"No. of pregnancies averted to clients aged <20 by publicly funded centers",5500,WI,Wisconsin,2016,n/a,,"Publicly Supported Family Planning Services in the United States: Likely Need, Availability and Impact <https://www.guttmacher.org/report/publicly-supported-FP-services-us-2016>"
"No. of pregnancies averted to clients aged <20 by publicly funded centers",640,WY,Wyoming,2016,n/a,,"Publicly Supported Family Planning Services in the United States: Likely Need, Availability and Impact <https://www.guttmacher.org/report/publicly-supported-FP-services-us-2016>"
